,artist_name,artist_screen_name
0,Fiona Apple,none
1,Run the Jewels,runjewels
2,Perfume Genius,perfumegenius
3,Creeper,ianjmiles
4,Rose City Band,RoseCityBand
5,SAULT,saultglobal
6,Bob Dylan,bobdylan
7,Phoebe Bridgers,phoebe_bridgers
8,The Soft Pink Truth,xSoftPinkTruthx
9,Moses Sumney,MosesSumney
10,Laura Marling,lauramarlinghq
11,Taylor Swift,taylorswift13
12,Paradise Lost,OfficialPL
13,Imperial Triumphant,imperialnyc
14,Róisín Murphy,roisinmurphy
15,Dua Lipa,DUALIPA
16,Deftones,deftones
17,Crack Cloud,none
18,Boston Manor,BSTNMNR
19,Jadakiss,Therealkiss
20,Freddie Gibbs & The Alchemist,FreddieGibbs
21,Napalm Death,NAPALM_DEATH
22,The Microphones,rodemics
23,Rina Sawayama,rinasawayama
24,Porridge Radio,porridgeradio
25,HAIM,HAIMtheband
26,Code Orange,codeorangetoth
27,Shirley Collins,shirleyeCollins
28,Nicolas Jaar,nicolas___jaar
29,PVRIS,ThisIsPVRIS
30,Waxahatchee,k_crutchfield
31,Owen Pallett,owenpallett
32,Yves Tumor,YvesTumor
33,Boniface,bonifacemwangi
34,Caribou,caribouband
35,Jessie Ware,JessieWare
36,J Hus,Jhus
37,Empty Country,CountryEmpty
38,Soccer Mommy,sopharela
39,The James Hunter Six,JamesHunterSix
40,Neil Young,Neilyoung
41,Gil Scott-Heron & Makaya McCraven,none
42,Charley Crockett,CharleyCrockett
43,Working Men's Club,none
44,A.A.Williams,nwilliams23
45,JARV IS...,BeggarsFrance
46,Charli XCX,charli_xcx
47,Shabaka and the Ancestors,shabakah
48,No Joy,nojoy
49,The Dream Syndicate,_DreamSyndicate
50,Kate NV,KateMarshallNV
51,Baxter Dury,baxterdury
52,Jyoti,jkd18
53,Bill Callahan,none
54,Mac Miller,MacMiller
55,Liv.E,betsysullenger
56,The Ghost Inside,theghostinside
57,The Cool Greenhouse,thecoolgreen
58,Les Amazones d'Afrique,none
59,Another Sky,Tim_Burgess
60,Daniel Romano's Outfit,none
61,All Them Witches,AllThemWitches
62,Beatrice Dillon,nondillonworke
63,The Secret Sisters,thesecretsister
64,Sam Lee,SamLee
65,Yorkston / Thorne / Khan,none
66,Bad Bunny,none
67,Katatonia,KatatoniaBand
68,Honey Harper,none
69,Frazey Ford,FrazeyFord
70,BC Camplight,bccamplight
71,The Chicks,thechicks
72,Bill Fay,BillFayOfficialne
73,Lomelda,none
74,Nadine Shah,nadineshah
75,Kelly Lee Owens,kellyleeowens
76,Fleet Foxes,AntiRecords
77,Ruston Kelly,RustonKelly
78,Snowgoose,snowgoose_ottne
79,H.C. McEntire,HCMcEntire
80,Keeley Forsyth,KeeleyForsythe
81,X,none
82,Empress Of,EmpressOf
83,Against All Logic,AgainstAllLogic
84,Willie J Healey,WJHealey
85,Kvelertak,Kvelertak
86,Jeff Rosenstock,jeffrosenstock
87,Riz Ahmed,rizwanahmed
88,Doves,dovesmusicblog
89,Lucinda Williams,HappyWoman9
90,Horse Lords,none
91,Bob Mould,bobmouldmusic
92,Lianne La Havas,liannelahavas
93,Thundercat,Thundercat
94,Lilly Hiatt,LillyHiatt1
95,Sparks,sparksofficial
96,Mystery Jets,mysteryjets
97,Chloe x Halle,chloexhalle
98,Lido Pimienta,LidoPimienta
99,Protomartyr,protomartyrband
100,The Magic Gang,_TheMagicGang
101,Dion,celinedion
102,Ian William Craig,ianwilliamcraig
103,Dan Croll,DanCroll
104,Okkyung Lee,none
105,CMON,none
"106,""Skepta, Chip & Young Adz"",none"
107,Fontaines D.C.,none
108,Andy Shauf,andyshauf
109,Conway the Machine,WHOISCONWAY
110,Sufjan Stevens,none
111,Hum,hum
112,Coriky,none
113,Choir Boy,none
114,Anjimile,none
115,The Beths,LizstokedStokes
116,The Weeknd,theweeknd
117,OHMME,none
118,Blake Mills,_blakemills
119,Anna von Hausswolff,avonhausswolff
120,Mike Polizze,none
121,Nation of Language,none
122,Steve Earle & The Dukes,none
123,Terry Allen & The Panhandle Mystery Band,none
124,Norah Jones,NorahJones
125,The Chats,thechatsband
126,Land of Talk,land_of_talk
127,Eve Owen,EveOwenMusic
128,Brandy Clark,TheBrandyClark
129,Wilma Archer,WilmaArchers
130,Keleketla!,none
131,Lanterns on the Lake,lanternstalk
132,Nine Inch Nails,nineinchnails
133,Victoria Monét,VictoriaMonet
134,Marsicans,Marsicans
135,Tami Neilson,tamineilson
136,Biffy Clyro,BiffyClyro
137,bdrmm,none
138,Pigs Pigs Pigs Pigs Pigs Pigs Pigs,pigsx7
139,Brigid Mae Power,none
140,Jessie Reyez,Jessiereyez
141,James Dean Bradfield,Manics
142,Max Richter,maxrichtermusic
143,Nubya Garcia,nubya_garcia
144,Polo G,Polo_Capalot
145,Jehnny Beth,jehnbeth
146,Moses Boyd,Mosesboyd_
147,Sorry,Femi_Sorry
148,Hayley Williams,hayleywi11iams
149,Owen,OwenJones84
150,Sarah Jarosz,sarahjarosz
151,Catholic Action,_CatholicAction
152,Hamilton Leithauser,HLeithauser
153,Dogleg,doglegleftband
154,Buscabulla,none
155,Jason Isbell & The 400 Unit,none
156,Childish Gambino,donaldglover
157,Six Organs of Admittance,none
158,Arca,arca1000000
159,Afel Bocoum,AfelBocoum
160,Bo Ningen,boningenuk
161,Gia Margaret,gia_margaret
162,Other Lives,OtherLives
163,Nova Twins,NovaTwinsMusic
164,Half Waif,HalfWaif
165,Nadia Reid,HelloNadiaReid
166,Wire,wire
167,Rufus Wainwright,rufuswainwright
168,Orlando Weeks,none
169,The Jayhawks,the_jayhawks
170,Ben Watt,ben_watt
171,The Necks,none
172,Young Jesus,YoungLife
173,Tame Impala,tameimpala
174,Mary Chapin Carpenter,M_CCarpenter
175,Lorenzo Senni,none
176,Kathleen Edwards,kittythefool
177,Rustin Man,none
178,...And You Will Know Us By the Trail of Dead,TrailOfDead
179,Paul Weller,paulwellerHQ
180,Lamb of God,lambofgod
181,Tennis,Tennis
182,Chuck Prophet,ChuckProphet
183,Jerry Joseph,JerryJosephNMF
184,The Airborne Toxic Event,Airborne_Toxic
185,Pictish Trail,PictishTrail
186,A. Swayze & The Ghosts,ASwayzeTas
187,The Flaming Lips,theflaminglips
188,Sea Girls,SeaGirls
189,Tony Allen & Hugh Masekela,none
190,Sonic Boom,SonicBoomMusic
191,Christian Lee Hutson,chrisleehutson
192,Margo Price,MissMargoPrice
193,Mark Lanegan,marklanegan
194,Daniel Blumberg,none
195,Jessy Lanza,jessy_lanza
196,Låpsley,lapsleyyyy
197,Ren Harvieu,RenHarvieu
198,Angel Olsen,AngelOlsen
199,Fenne Lily,FenneLily
200,Bananagun,none
201,Bright Eyes,brighteyesband
202,Destroyer,DestroyerMovie
203,Katie Gately,kgsounds
204,Marilyn Manson,marilynmanson
205,Ghostpoet,ghostpoet
206,Deradoorian,deradoorian
207,Nap Eyes,NapEyes
208,Uniform,UniformDating
209,Throwing Muses,throwingmuses
210,Jay Electronica,JayElectronica
211,Pearl Jam,PearlJam
212,Deerhoof,deerhoof
213,Frances Quinlan,francq__
214,Hinds,DamianHinds
215,The Lovely Eggs,TheLovelyEggs
216,Jason Molina,jasonamolina
217,The Pineapple Thief,nopineapplethiefne
218,Brandy,4everBrandy
219,Beach Bunny,BeachBunnyMusic
220,Swamp Dogg,noTheSwampDoggne
221,Pottery,potterybarn
222,Idles,idlesband
223,Ital Tek,italtek
224,All Time Low,AllTimeLow
225,Pantha Du Prince,bendikhk
226,Dream Nails,yourdreamnails
227,Nicole Atkins,NicoleAtkins
228,Marcus King,Marcuskingband
229,Carly Rae Jepsen,carlyraejepsen
230,DJ Python,none
231,Sports Team,SportsTeam_
232,Sløtface,slotfaceband
233,Trivium,TriviumOfficial
234,Melt Yourself Down,MeltYrselfDown
235,Monophonics,monophonicsfunk
236,Wrangler,Wrangler
237,Tom Misch & Yussef Dayes,TomMisch
238,Alice Boman,aliceboman
239,Thurston Moore,nowjazznow
240,Westside Gunn,WESTSIDEGUNN
241,Ozzy Osbourne,OzzyOsbourne
242,The Big Moon,thebigmoon
243,Maria McKee,none
244,Romare,none
245,Smoke Fairies,smokefairies
246,Bonny Light Horseman,bonnylightband
247,Caroline Rose,CarolineRoseFM
248,Larkin Poe,LarkinPoe
249,Samia,SamiaKhan
250,Everything Everything,E_E_
251,Katie Von Schleicher,none
252,Cornershop,CornershopHQ
253,HMLTD,HMLTD
254,Drive-By Truckers,drivebytruckers
255,Pinegrove,PinegroveBand
256,Jon Hassell,none
257,Squirrel Flower,sqrrlflwr
258,Lady Gaga,ladygaga
259,Lil Uzi Vert,LILUZIVERT
260,Molly Tuttle,none
261,The Vacant Lots,THEVACANTLOTS
262,Ray LaMontagne,RayLaMontagne
263,Sondre Lerche,SondreLerche
264,International Teachers of Pop,none
265,Oranssi Pazuzu,Oranssi_Pazuzu
266,Datura4,Datura4band
267,Pat Metheny,PatMetheny
268,Alexandra Savior,alexandrasavior
269,Sad13,sad13
270,Aoife Nessa Frances,Aoife_N_Frances
271,The Psychedelic Furs,pfurs
272,TORRES,torreslovesyou
273,Emma Swift,none
274,Ratboys,nonRatboysbande
275,Sepultura,sepulturacombr
276,Shamir,ShamirBailey
277,I Break Horses,Ibreakhorses
278,Girl Friday,new_girl_friday
279,Julianna Barwick,juliannabarwick
280,Gordi,GordiMusic
281,Loathe,loatheasone
282,Rolling Blackouts Coastal Fever,rollingbcf
283,Disq,disq_io
284,Future Islands,futureislands
285,070 Shake,070shake
286,Royce da 5'9'',Royceda59
287,John Moreland,JohnMorelandOK
288,DEHD,none
289,L.A. Witch,LA_WITCH
290,Melkbelly,melkbelly
291,Badly Drawn Boy,badly_drawn_boy
292,Khruangbin,Khruangbin
293,Pinch,yungpinch
294,Nada Surf,nadasurf
295,Fantastic Negrito,MusicNegrito
296,Luke Haines & Peter Buck,none
297,The Courteeners,thecourteeners
298,The Killers,thekillers
299,Grimes,Grimezsz
300,Shopping,SH0PP1NG
301,Meridian Brothers,none
302,Pretenders,ThePretendersHQ
303,Man Man,man
304,Joan As Police Woman,JOANPOLICEWOMAN
305,The Used,WeAreTheUsed
306,dvsn,dvsn
307,Nazar,Nazar10
308,Son Little,SonLittleMusic
309,Squarepusher,SQUAREPUSHER
310,Freak Heat Waves,none
311,Katie Malco,KatieMalco
312,Dream Wife,DreamWifeMusic
313,Courtney Marie Andrews,courtneymamusic
314,Sylvan Esso,SylvanEsso
315,Declan McKenna,DeclanMcKenna
316,Damien Jurado,benbfisher
317,Bully,Bully
318,NZCA Lines,NZCALINES
319,Testament,testament
320,Sam Prekop,none
321,Greg Dulli,MrGregDulli
322,Drab City,oOoOOsounds
323,Wiley,mayawiley
324,Mandy Moore,TheMandyMoore
325,Braids,braidsmusic
326,Sarah Mary Chadwick,none
327,Noveller,sarahlipstate
328,Westerman,RepWesterman
329,Anna Burch,annaisaburch
330,Allie X,alliex
331,Umbra Vitae,none
332,Trace Mountains,ntracemountainsone
333,Alicia Keys,aliciakeys
334,A. G. Cook,agcook404
335,Hen Ogledd,Hogledd
336,Jonathan Wilson,songsofjw
337,The Innocence Mission,timission
338,Woods,TigerWoods
339,Dan Deacon,ebaynetflix
340,LA Priest,padresj
341,Glass Animals,GlassAnimals
342,Will Butler,butlerwills
343,Widowspeak,widowspeaking
344,Stone Temple Pilots,STPBand
345,Halsey,halsey
346,Bent Arcana,none
347,Bombay Bicycle Club,BombayBicycle
348,of Montreal,xxofMontrealxx
349,Juice WRLD,JuiceWorlddd
350,Gum Country,gum_country
351,Naeem,benhabib6
352,Nas,Nas
353,Windy & Carl,none
354,King Krule,none
355,Josef Salvat,josefsalvat
356,Modern Studies,Poynter
357,Guided By Voices,JayCarney
358,Muzz,b_muzz
359,M. Ward,mwardtweeting
360,Basia Bulat,BasiaBulat
361,Burna Boy,burnaboy
362,The Wants,chetan_bhagat
363,Neck Deep,NeckDeepUK
364,Margaret Glaspy,mglaspy
365,Pet Shop Boys,petshopboys
366,Madeline Kenney,madkenney
367,Jade Hairpins,jadehairpins
368,My Morning Jacket,mymorningjacket
369,Jess Williamson,jessswilliamson
370,Baauer,baauer
371,The Strokes,thestrokes
372,Roger Eno & Brian Eno,none
373,Wares,DonnaWares
374,Lauv,lauvsongs
375,Hanni El Khatib,HanniElKhatib
376,James Righton,James__Righton
377,Teyana Taylor,TEYANATAYLOR
378,BTS,bts_bighit
379,Stephen Malkmus,stephen_malkmus
380,Tricky,KnowleWestboy
381,Blues Pills,BluesPills
382,Douglas Dare,DouglasDare
383,Brian Fallon,brianefallon
384,Sarah Davachi,sarahdavachi
385,The Naked and Famous,TNAF
386,Logic,Logic301
387,Mrs. Piss,none
388,Born Ruffians,BornRuffians
389,Caleb Landry Jones,none
390,SoKo,SoKothecat
391,Car Seat Headrest,carseatheadrest
392,Marie Davidson & L’Œil Nu,mariedavidsn
393,Elder,ElderScrolls
394,Silverbacks,none
395,Ellis,SenSchumer
396,Daniel Avery & Alessandro Cortini,none
397,Shabazz Palaces,none
398,Wasted Shirt,none
399,Agnes Obel,agnesobel
400,Into It. Over It.,intoitoverit
401,Ganser,none
402,J Balvin,JBALVIN
403,Travis,TravisBand
404,Denai Moore,DenaiMoore
405,The Orb,Orbinfo
406,DMA's,dmasmusic
407,The Magnetic Fields,TheMagFields
408,Kaitlyn Aurelia Smith,kaitlynaurelia
409,Mush,martymush
410,Poliça,thisispolica
411,Isobel Campbell,Isobel_Campbell
412,Bing & Ruth,bingandruth
413,Lina_Raül Refree,LinaRefree
414,Toots & The Maytals,skatalites
415,Melanie C,MelanieCmusic
416,The Districts,TheDistrictsPa
417,Islet,Islet
418,Banoffee,banoffeemusic
419,Peel Dream Magazine,none
420,Kehlani,Kehlani
421,Brendan Benson,brendanbensongs
422,Myrkur,none
423,Alain Johannes,AlainJohannes
424,Warm Digits,WarmDigits
425,Silverstein,silverstein
426,Seth Lakeman,SethLakemanNews
427,Gabrielle Aplin,GabrielleAplin
428,Rival Consoles,rivalconsoles
429,Jack Garratt,JackGarratt
430,Happyness,none
431,Field Music,fieldmusicmusic
432,Wolf Parade,WolfParade
433,Okay Kaya,okaykayaouch
434,Post Animal,postanimalmusic
435,Little Dragon,LittleDragon
436,Erasure,erasureinfo
437,Duckwrth,DUCKWRTH
438,Bruce Hornsby,brucehornsby
439,Jackie Lynn,none
440,Paul Heaton & Jacqui Abbott,none
441,Public Practice,PublicPractice_
442,Everything Is Recorded,none
443,Thao & the Get Down Stay Down,none
444,Hockey Dad,hockeydadband
445,Kesha,KeshaRose
446,GUM,5gum
447,Teddy Thompson,teddythompson
448,ALA.NI,alaniofficial
449,Black Lips,TheBlackLips
450,Oh Sees,TheeOhSees
451,The Lemon Twigs,thelemontwigs
452,Bebel Gilberto,bebelgilberto
453,Real Estate,realestateband
454,Ultraísta,UltraistaMusic
455,The Orielles,TheOrielles
456,Grey Daze,therealgreydaze
457,Holy Fuck,holyfuck
458,Selena Gomez,selenagomez
459,Aminé,heyamine
460,Hazel English,iamhazelenglish
461,Alma,Apple
462,Hannah Georgas,hannahmusic
463,Harkin,MarianHarkin
464,Little Kid,kidxbuu
465,The Howling Hex,none
466,The 1975,the1975
467,The Homesick,thehomesick0519
468,Hilary Woods,none
469,Diet Cig,dietcig
470,Austra,austratalks
471,Alanis Morissette,Alanis
472,Kevin Krauter,none
473,Sufjan Stevens & Lowell Brams,none
474,Blossoms,ginblossoms
475,Sneaks,none
476,EOB,EOBOfficial
477,Nick Hakim,nick_hakim
478,Mulatu Astatke & Black Jesus Experience,none
479,Nightwish,NightwishBand
480,Dune Rats,DUNERATSS
481,TOPS,TTTOPSSS
482,Bahamas,BahamasMusic
483,The Blinders,theblinders
484,Nana Grizol,nonNGrizole
485,Haleek Maul,HaleekMaul
486,Jónsi,iamjonsi
487,Brooke Bentham,nobrookebenthamne
488,Disclosure,disclosure
489,Annie,AnnieLennox
490,Algiers,ukinalgeria
491,Purity Ring,PURITY_RING
492,Ulver,none
493,Spinning Coin,none
494,Pop Smoke,POPSMOKE10
495,Corey Taylor,CoreyTaylorRock
496,Cults,CultsCultsCults
497,Ellie Goulding,elliegoulding
498,Jaga Jazzist,jagajazzist
499,Moaning,MoaningLisaBand
500,Nathaniel Rateliff,NRateliff
501,Asking Alexandria,AAofficial
502,Loving,lovingthefilm
503,Cat Stevens,YusufCatStevens
504,Phantogram,Phantogram
505,Princess Nokia,none
506,No Age,NoAgeLA
507,Peggy Sue,none
508,Poppy,poppy
509,Porches,porches_hiii
510,Big Sean,BigSean
511,Yellow Days,yellowdays
512,The Aces,theacesofficial
513,Flat Worms,none
514,The Allman Betts Band,allmanbettsband
515,Daniel Avery,danielmarkavery
516,Five Finger Death Punch,FFDP
517,Alex Rex,rexorangecounty
518,Amnesia Scanner,noamnesiascannerne
519,Best Coast,BestCoast
520,Whitney,whitneytheband
521,Built to Spill,Built_2_Spill
522,TOKiMONSTA,TOKiMONSTA
523,BLACKPINK,ygofficialblink
524,Chicano Batman,ChicanoBatman
525,Nicolas Godin,airofficial
526,Deep Purple,_DeepPurple
527,5 Seconds of Summer,5SOS
528,Gengahr,gengahr
529,John Carroll Kirby,none
530,Joji,sushitrash
531,Kiesza,Kiesza
532,Seasick Steve,SeasickSteve
533,Four Tet,FourTet
534,James Krivchenia,none
535,Hurts,JalenHurts
536,The Lone Bellow,TheLoneBellow
537,Action Bronson,ActionBronson
538,The Front Bottoms,TheFrontBottoms
539,The Garden,thegardentwins
540,All We Are,thisisallweare
541,Machine Gun Kelly,machinegunkelly
542,Toni Braxton,tonibraxton
543,Peter Bjorn and John,PeterBjornJohn
544,The Dears,thedears
545,A Certain Ratio,acrmcr
546,The Avett Brothers,theavettbros
547,The Men,theyesmen
548,Remo Drive,RemoDrive
549,Lee Ranaldo & Raül Refree,none
550,Yung Lean,yungleann
551,Cut Copy,cutcopy
552,Delta Spirit,deltaspirit
553,Deap Lips,DeapVally
554,Mura Masa,mura_masa_
555,La Roux,larouxofficial
556,Gus Dapperton,gusdapperton
557,Lil Baby,lilbaby4PF
558,Eminem,Eminem
559,Surfer Blood,surferblood
560,Washed Out,realwashedout
561,Future,futureplc
562,Gunna,1GunnaGunna
563,The Boomtown Rats,nonBobbyBoomtowne
564,Twin Atlantic,twinatlantic
565,James Taylor,JamesTaylor_com
566,Lil Wayne,LilTunechi
567,Body Count,BodyCountBand
568,Moby,thelittleidiot
569,Niall Horan,NiallOfficial
570,Green Day,GreenDay
571,Bush,bushofficial
572,Sam Hunt,SamHuntMusic
573,The Jaded Hearts Club,TheJadedHearts
574,DaBaby,DaBabyDaBaby
575,Morrissey,officialmoz
576,Katy Perry,katyperry
577,Dominic Fike,dominicfike
578,John Legend,johnlegend
579,CocoRosie,LaRealCocoRosie
580,Louis Tomlinson,Louis_Tomlinson
581,Justin Bieber,justinbieber
582,Beach Slang,beachslang
583,Meghan Trainor,Meghan_Trainor
584,Diplo,diplo
585,Blood Incantation,none
586,Nick Cave & The Bad Seeds,nickcave
587,Employed to Serve,noemployedtoservene
588,Dave,davechannel
589,FKA twigs,FKAtwigs
590,Indoor Pets,IndoorPets
591,Matana Roberts,none
592,Weyes Blood,WeyesBlood
593,Little Simz,LittleSimz
594,Michael Kiwanuka,michaelkiwanuka
595,Whitechapel,WhitechapelBand
596,Lana Del Rey,LanaDelRey
597,Purple Mountains,andy4ok
598,Lingua Ignota,none
599,Kano,TheRealKano
600,Big Thief,bigthiefmusic
601,Mike Patton & Jean-Claude Vannier,none
602,Jamila Woods,jamilawoods
603,Queen Zee,none
"604,""Tyler, the Creator"",tylerthecreator"
605,Rapsody,rapsody
606,JPEGMAFIA,darkskinmanson
607,Julia Jacklin,JuliaJacklin
608,Richard Dawson,nonricharddawson12e
609,K Á R Y Y N,KARYYNmusic
610,Raphael Saadiq,RaphaelSaadiq
611,Underworld,underworldlive
612,William Doyle,_williamdoyle
613,Baroness,YourBaroness
614,Aldous Harding,noAldousHardingne
615,Sharon Van Etten,sharonvanetten
616,Freddie Gibbs & Madlib,none
617,Devin Townsend,dvntownsend
618,Darkthrone,none
619,Leonard Cohen,amandashires
620,Opeth,OfficialOpeth
621,Maxo Kream,MAXOKREAM
622,Cate Le Bon,CateLeBon
623,Megan Thee Stallion,theestallion
624,Marika Hackman,MarikaHackman
625,Caterina Barbieri,none
626,Sunn O))),none
627,PUP,puptheband
628,The Murder Capital,MurderCapital_
629,Brittany Howard,blkfootwhtfoot
630,Little Brother,none
631,Blood Red Shoes,BloodRedShoes
632,Jenny Lewis,jennylewis
633,Bedouine,Bedouin_Music
634,Bruce Springsteen,springsteen
635,Elbow,Elbow
636,Florist,none
637,Rhiannon Giddens,RhiannonGiddens
638,CHAI,MyNamesChai
639,Thom Yorke,thomyorke
640,Slipknot,slipknot
641,Vanishing Twin,none
642,Blaenavon,Blaenavon
643,FEET,feetband
644,Joni Void,joni_void
645,SWMRS,swmrs
646,Le Butcherettes,LeButcherettes
647,Rosie Carney,RosieCarney11
648,The Delines,none
649,Teebs,teebsio
650,Tanya Tucker,tanyatucker
651,Girl Band,girl_band
652,Ezra Collective,EzraCollective
653,A Winged Victory for the Sullen,AWVFTS
654,Nilüfer Yanya,niluferyanya
655,Lucy Rose,lucyrosemusic
656,Inter Arma,INTERARMA804
657,Pharmakon,none
658,Craig Finn,steadycraig
659,Shanti Celeste,none
660,Show Me The Body,showmethebody
661,MUNA,whereisMUNA
662,Injury Reserve,InjuryReserve
663,Otoboke Beaver,none
664,Moor Mother,none
665,75 Dollar Bill,none
666,Alex G,SANDYalexg
667,Edwyn Collins,EdwynCollins
668,Mark Lanegan Band,marklanegan
669,Caroline Polachek,carolineplz
670,Sundara Karma,sundarakarma
671,Gruff Rhys,gruffingtonpost
672,Bonnie 'Prince' Billy,none
673,Soundwalk Collective & Patti Smith,none
674,Krept & Konan,KreptandKonan
675,Alcest,noAlcestofficialne
676,Rachid Taha,Rachid_Official
677,Laura Stevenson,laurastevenson
678,Mdou Moctar,none
679,Susanna & The Brotherhood Of Our Lady,none
680,Puppy,RealSnarkyPuppy
681,Duster,Chandelis
682,The Japanese House,Japanesehouse
683,Danny Brown,xdannyxbrownx
684,Shura,weareshura
685,LIFE,LIFE
686,Better Oblivion Community Center,none
687,Strange Ranger,none
688,Billie Eilish,billieeilish
689,Kim Gordon,KimletGordon
690,Vagabon,vagabonvagabon
691,Foals,foals
692,Floating Points,floatingpoints
693,Kedr Livanskiy,nonKedrLivanskiyRUe
694,Gary Clark Jr.,GaryClarkJr
695,Helado Negro,HeladoNegro
696,Mavis Staples,mavisstaples
697,Telefon Tel Aviv,telefontelaviv
698,Dream Theater,dreamtheaternet
699,Joan Shelley,JoanShelley
700,Drab Majesty,nonDrabMajestye
701,Chelsea Wolfe,CCHELSEAWWOLFE
702,Sleaford Mods,sleafordmods
703,Hayden Thorpe,noHayden_Thorpene
704,Malibu Ken,none
705,Chromatics,chromatics
706,Abbath,abbathi
707,Alice Phoebe Lou,none
708,Hot Chip,Hot_Chip
709,Jayda G,none
710,Self Esteem,_SelfEsteemTeam
711,Vampire Weekend,vampireweekend
712,Patrick Watson,patrickwatson
713,Black Belt Eagle Scout,none
714,Steve Mason,VeniceMase
715,Amon Tobin,amontobin
716,Jessica Pratt,none
717,American Football,americfootball
718,Ezra Furman,none
719,Hatchie,nohihatchiene
720,Martha,MarthaDIY
721,Jeffrey Lewis & The Voltage,none
722,Bad Books,BadBooksMusic
723,Spellling,none
724,Kevin Morby,kevinmorby
725,Charly Bliss,charlybliss
726,Jay Som,jaysomband
727,Faye Webster,fayewebsters
728,Jesca Hoop,JescaHoop
729,Sampa The Great,Sampa_The_Great
730,Leif Vollebekk,leifvollebekk
731,Kishi Bashi,Kishi_bashi
732,Glen Hansard,Glen_Hansard
733,Kelsey Lu,IAmKelseyLu
734,Stef Chura,none
735,Cordae,cordae
736,Giant Swan,GiantGiantSwan
737,Sabaton,sabaton
738,Lorelle Meets The Obsolete,noObsoleteLorellene
739,Wilco,Wilco
740,clipping.,clppng
741,Orville Peck,orvillepeck
742,Hand Habits,none
743,Swindle,swindle
744,Nick Waterhouse,nickwaterhouse
745,B Boys,JERKYBOYSJOHNNY
746,Ada Lea,leasteinacker
747,Anderson .Paak,AndersonPaak
748,Tool,Tool
749,Flying Lotus,flyinglotus
750,Sudan Archives,sudanarchives
751,Michael Chapman,mulletmike13
752,Oozing Wound,noOozingOozingWoundWoundne
753,Warmdüscher,none
754,Kacy & Clayton,MarlonWMusic
755,Peter Cat Recording Co.,none
756,The Waterboys,MickPuck
757,Nivhek,none
758,Bassekou Kouyate & Ngoni Ba,none
759,Blanck Mass,BlanckMass
760,2 Chainz,2chainz
761,Kiwi Jr.,none
762,Andrew Bird,andrewbird
763,Sui Zhen,BeckySuiZhen
764,Tyler Childers,TTChilders
765,Robert Ellis,robertellis_
766,Stormzy,none
767,DAWN,DawnRichard
768,Great Grandpa,GreatGrampsBand
769,The National,ScotNational
770,Nérija,none
771,Josephine Wiggs,josephinewiggs
772,Avey Tare,aveytare
773,Lambchop,none
774,Van Morrison,vanmorrison
775,Félicia Atkinson,nonatkinsonfeliciae
776,Omar Souleyman,OSouleyman
777,Miranda Lambert,mirandalambert
778,Tony Molina,none
779,Hana Vu,none
780,The Coathangers,TheCoathangers
781,Cave In,MammothCaveNP
782,Ty Segall,none
783,Quelle Chris,QuelleChris
784,GoldLink,GoldLink
785,Giggs,officialgiggs
786,Mount Eerie,PWElverum
787,Robert Forster,none
788,AURORA,AURORAmusic
789,The Highwomen,TheHighwomen
790,Peter Perrett,thepeterperrett
791,Pom Poko,pompokotheband
792,Sarah Louise,SarahPalinUSA
793,Clark,throttleclark
794,Rosie Lowe,rosielowemusic
795,KAYTRANADA,KAYTRANADA
796,Matt Maltese,matthewmaltese
797,Young Thug,youngthug
798,Rozi Plain,ROZIPLAIN
799,Tindersticks,tindersticksUK
800,Matmos,none
801,The Chemical Brothers,ChemBros
802,Ohtis,none
803,Cass McCombs,cassmccombs
804,Local Natives,localnatives
805,The Claypool Lennon Delirium,cl_delirium
806,Tropical Fuck Storm,tfs_theband
807,Amyl & The Sniffers,none
808,Africa Express,africaexpress
809,Willie Nelson,WillieNelson
810,Durand Jones & The Indications,none
811,Shannon Lay,none
812,Palehound,Palehound
813,DIIV,DIIV
"814,""Lee """"Scratch"""" Perry"",MISSEBONYBONES"
815,Jeff Goldblum & The Mildred Snitzer Orchestra,none
816,Deerhunter,DeerhunterMusic
817,Fruit Bats,Fruit_Bats
818,FEVER 333,fever333
819,James Blake,jamesblake
820,Killswitch Engage,kseofficial
821,Plaid,Plaid
822,Rian Treanor,RianTreanor
823,Pedro The Lion,pedrothelion
824,Mega Bog,none
825,Sandro Perri,Sandro_Perri
826,Crumb,none
827,Skepta,Skepta
828,Swans,sydneyswans
829,La Dispute,ladisputeband
830,Trash Kit,TRASHKITT
831,Justin Townes Earle,JustinTEarle
832,Boogie,IAMSHYSTIE
833,Hayes Carll,hayescarll
834,Spielbergs,spielbergsband
835,Karen O & Danger Mouse,KarenO
836,Sleater-Kinney,Sleater_Kinney
837,Refused,Refused
838,Angie McMahon,none
839,Goon,goon356
840,Kevin Richard Martin,kingmidassound
841,Emily King,Emilykingmusic
842,The Futureheads,thefutureheads
843,Priests,PRIESTS_TWEET
844,TOY,thebandtoy
845,W. H. Lung,none
846,Alex Cameron,ALKCM
847,Boy Harsher,BoyHarsher
848,Pan American,pahowho
849,65daysofstatic,65dos
850,Psychedelic Porn Crumpets,porncrumpets
851,Laurence Pike,none
852,The Who,TheWho
853,The Cinematic Orchestra,TCO_Official
854,The Menzingers,themenzingers
855,Drahla,none
856,Fennesz,none
857,Bat For Lashes,BatForLashes
858,Modern Nature,none
859,The Cranberries,The_Cranberries
860,Angelo De Augustine,a_d_augustine
861,Mahalia,mahalia
862,Sinkane,none
863,Hauschka,hauschkamusic
864,Jimmy Eat World,jimmyeatworld
865,IDER,weareider
866,FEELS,tobilou
867,Mattiel,none
868,James Yorkston,jamesyorkston
869,The Brian Jonestown Massacre,antonnewcombe
870,William Tyler,williamtylertn
871,Sigrid,thisissigrid
872,Drugdealer,none
873,Trupa Trupa,none
874,Octo Octa,octo_octa
875,Sheer Mag,tradereporter
876,Sacred Paws,sacredpawsltd
877,Vivian Girls,none
878,Korn,Korn
879,Steve Gunn,SteveGunnMusic
880,Chastity Belt,CHAST1TYBELT
881,Kevin Abstract,kevinabstract
882,Wand,WomensAction
883,Yann Tiersen,yanntiersen
884,The Soft Cavalry,nonthesoftcavalrye
885,Tegan and Sara,teganandsara
886,Pip Blom,Pipblom
887,Snoh Aalegra,snohaalegra
888,William Basinski,WilliamBasinski
889,Carla dal Forno,carladalforno
890,Yola,iamyola
891,Jefre Cantu-Ledesma,none
892,SebastiAn,DaRealsebastian
893,Lightning Bolt,usainbolt
894,Kyle Craft,none
895,Night Moves,none
896,Trudy And The Romance,none
897,The Raconteurs,brendanbensongs
898,Clinic,clinicvoot
899,Anna Meredith,AnnaHMeredith
900,The Stroppies,none
901,Alex Lahey,none
902,Hannah Diamond,Hannahdiamond_
903,Hiss Golden Messenger,hissgldnmssr
904,Sacred Reich,nonSacredReiche
905,Julia Shapiro,cool__slut
906,Ex Hex,noMaryT_Moneyne
907,Torche,torcheband
908,Galcher Lustwerk,lustwerkmusic
909,Pile,AGBPOL
910,AJ Tracey,KamilleXX
911,Two Door Cinema Club,TDCinemaClub
912,Hovvdy,hovvdy2000
913,Paula Temple,Paulatemple
914,Marvin Gaye,marcuscallender
915,Mercury Rev,beth_orton
916,A.A. Bondy,AABONDY
917,Snapped Ankles,nosnappedanklesne
918,SOAK,soaksoaksoak
919,Tim Hecker,tim_hecker
920,Neil Young & Crazy Horse,nilslofgren
921,Jacques Greene,jacquesgreene
922,Empath,none
923,Bring Me The Horizon,bmthofficial
924,Pelican,pelicansong
925,Devendra Banhart,DevendraBanhart
926,Mark Ronson,MarkRonson
927,Girlpool,girlpool
928,Sebadoh,realSeBADoh
929,Crows,CountingCrows
930,Cherry Glazerr,cherryglazerr
931,Mark Mulcahy,ItsMeHenning
932,One True Pairing,1trupairing
933,Cross Record,albertacross
934,Prins Thomas,prins_thomas
935,These New Puritans,TNPs
936,Jambinai,none
937,Calexico & Iron and Wine,IronAndWine
938,Du Blonde,dublondesucksksne
939,Lightning Dust,westernvinyl
940,Joe Armon-Jones,joeArmonJones
941,Hælos,haelos
942,Pavo Pavo,AaronTheEra
943,Teeth of the Sea,TeethoftheSea
944,Swim Deep,SWIM_DEEP
945,ALASKALASKA,AlaskalaskaBand
946,Steve Lacy,StevenLacy
947,Tacocat,TacocaTs
948,Piroshka,none
949,Rex Orange County,rexorangecounty
950,HEALTH,_HEALTH_
951,Sturgill Simpson,MissMargoPrice
952,White Reaper,WhiteReaperUSA
953,Jerkcurb,jerkcurb
954,Jade Bird,JadeBirdMusic
955,Strand of Oaks,Strandofoaks
956,Ali Barter,AliBarter_Music
957,Pumarosa,pumarosamusic
958,Loscil,_loscil_
959,Metronomy,metronomy
960,King Gizzard and the Lizard Wizard,kinggizzard
961,Heather Woods Broderick,_H_W_B_
962,Pond,PONDband
963,Mikal Cronin,MikalCronin
964,The New Pornographers,TheNewPornos
965,EARTHGANG,EarthGang
966,Perfect Son,none
967,BABYMETAL,BABYMETAL_JAPAN
968,SASAMI,sasamiashworth
969,Black Marble,blackmarblenyc
970,Lower Dens,lowerdens
971,Lillie Mae,lilliemae_music
972,The Felice Brothers,felicebrothers
973,The Lumineers,thelumineers
974,Josh Ritter,joshritter
975,Ibibio Sound Machine,IbibioSound
976,Young Guv,none
977,Croatian Amor,none
978,Buke and Gase,bukeandgase
979,The Mountain Goats,mountain_goats
980,The Rhythm Method,none
981,Ten Tonnes,ten_tonnes
982,Ladytron,LadytronMusic
983,The Regrettes,regrettesband
984,Liam Gallagher,liamgallagher
985,The Specials,thespecials
986,The Hold Steady,theholdsteady
987,Pixx,PixxMusic
988,Lafawndah,lafawndah_
989,Lost Under Heaven,Lostunderheaven
990,Frankie Cosmos,frankiecosmos
991,Charles Rumback & Ryley Walker,none
992,Lacuna Coil,lacuna_coil
993,The Amazons,TheAmazons
994,The Get Up Kids,thegetupkids
995,Martin Frawley,none
996,Harry Styles,Harry_Styles
997,Tove Lo,ToveLo
998,Daniel Norgren,none
999,Jack Peñate,JackPenate
1000,The S.L.P.,UNEP
1001,Fionn Regan,fionnregan
1002,Yonaka,none
1003,Swervedriver,swervedriver
1004,Banks,Banks
1005,Sheryl Crow,SherylCrow
1006,Gang Starr,gangstarr
1007,The Tallest Man On Earth,tallestman
1008,Juliana Hatfield,julianahatfield
1009,BROCKHAMPTON,brckhmptn
1010,Coldplay,coldplay
1011,Red River Dialect,redriverdialect
1012,Maren Morris,MarenMorris
1013,Tycho,ISO50
1014,David Gray,DavidGray
1015,Toro y Moi,ToroyMoi
1016,Beck,beck
1017,Bleached,HelloBleached
1018,Kirin J Callinan,none
1019,Dumb,none
1020,Lowly,lowlyband
1021,Black Pumas,BlackPumasMusic
1022,The Drums,thedrumsforever
1023,White Denim,whitedenimmusic
1024,Chrissie Hynde,ChrissieHynde
1025,DJ Nate,ultranatemusic
1026,Roddy Ricch,RoddyRicch
1027,Madonna,Madonna
1028,White Lies,whiteliesmusic
1029,Penelope Isles,PenelopeIsles
1030,Earth,earth
1031,Offset,OffsetYRN
1032,Post Malone,PostMalone
1033,Free Nationals,freenationalsXX
1034,Iggy Pop,IggyPop
1035,Meat Puppets,none
1036,Apparat,apparatofficial
1037,Maggie Rogers,maggierogers
1038,Lust for Youth,Lust4Youth
1039,Nots,none
1040,Eluvium,eluvium
1041,Girl Unit,GIRLUNIT
1042,You Tell Me,none
1043,Taylor Hawkins & The Coattail Riders,taylorhawkins
1044,City and Colour,cityandcolour
1045,Twin Peaks,SHO_TwinPeaks
1046,Pixies,PIXIES
1047,Mike Krol,mikefredkrol
1048,Beirut,bandBeirut
1049,Mndsgn,mndsgn
1050,Titus Andronicus,TitusAndronicus
1051,Doomsquad,none
1052,Carlton Jumel Smith,none
1053,Nina Nesbitt,ninanesbitt
1054,Balthazar,BrianBalthazar
1055,Machinefabriek,DAFTrucksNV
1056,Battles,BATTLES
1057,Dido,didoofficial
1058,Gauche,GUENGL
1059,Boris,Boris
1060,Czarface & Ghostface Killah,none
1061,Omni,omni
1062,Black Mountain,_blackmountain_
1063,Mini Mansions,MiniMansions
1064,Joe Jackson,michaeljackson
1065,Ride,rideox4
1066,The Black Keys,theblackkeys
1067,YG,YG
1068,Bishop Briggs,thatgirlbishop
1069,Chris Cohen,chris_cohen_
1070,Anteros,AnterosOfficial
1071,Jonas Brothers,jonasbrothers
1072,Lady Lamb,ladylambjams
1073,Sunday Service Choir,none
1074,Stealing Sheep,stealingsheep
1075,Lloyd Cole,Lloyd_Cole
1076,Jeff Lynne's ELO,JeffLynnesELO
1077,Allah-Las,AllahLas
1078,Chaka Khan,ChakaKhan
1079,Kele,kelechnekoff
1080,Woman's Hour,womanshourband
1081,Tallies,TALLIESband
1082,Girl Ray,G1RLRAY
1083,Föllakzoid,Follakzoid
1084,Flamingods,Flamingods
1085,Within Temptation,WTofficial
1086,Common,common
1087,Cage the Elephant,CageTheElephant
1088,Kindness,Kindness
1089,Ringo Starr,ringostarrmusic
1090,Froth,frothband
1091,Peter Doherty,petedoherty
1092,Youssou N'Dour,none
1093,The Faint,thefaint
1094,Efterklang,Efterklang
1095,Rat Boy,RATBOY
1096,Loyle Carner,LoyleCarner
1097,M83,M83
1098,Rick Ross,RickRoss
1099,Adam Green,AverageCabbage
1100,ANGEL-HO,none
1101,Keane,keaneofficial
1102,G Flip,gflipmusic
1103,Panda Bear,pandabear
1104,Filthy Friends,killrockstars
1105,Eddy Current Suppression Ring,none
1106,Com Truise,comtruise
1107,Doja Cat,DojaCat
1108,Frank Turner,frankturner
1109,Ceremony,ceremony
1110,Cold War Kids,ColdWarKids
1111,Cosey Fanni Tutti,coseyfannitutti
1112,Robbie Robertson,r0bbier0berts0n
1113,Idlewild,IdlewildtheBand
1114,Chance The Rapper,chancetherapper
1115,Cuco,CucoMartina
1116,Cigarettes After Sex,CigsAfterSexx
1117,Friendly Fires,FriendlyFires
1118,FIDLAR,FIDLAR
1119,Daniel Caesar,DanielCaesar
1120,Lindstrøm,feedelity
1121,Mika,mikasounds
1122,Subjective,none
1123,U-Bahn,BVG_Ubahn
1124,Hozier,Hozier
1125,DJ Shadow,djshadow
1126,RY X,ryx
1127,Foxygen,foxygentheband
1128,Methyl Ethel,MethylEthel
1129,Ra Ra Riot,rarariot
1130,Versing,none
1131,Temples,TemplesOfficial
1132,Ciara,ciara
1133,Pink,Pink
1134,Camila Cabello,Camila_Cabello
1135,Why?,none
1136,Lion Babe,LionBabe
1137,KAZU,boltcity
1138,Sleeper,none
1139,Doon Kanda,jessekanda
1140,Volbeat,VOLBEAT
1141,Violent Femmes,violentfemmes
"1142,""Bonnie 'Prince' Billy, Bryce Dessner, & Eighth Blackbird"",none"
1143,Sum 41,Sum41
1144,Mabel,Mabel
1145,Papa Roach,paparoach
1146,Celine Dion,celinedion
1147,Schoolboy Q,ScHoolboyQ
1148,Of Monsters and Men,monstersandmen
1149,The Lemonheads,TheLemonheads
1150,Broods,broodsmusic
1151,Mac DeMarco,none
1152,Telekinesis,none
1153,Dude York,DudeYork
1154,The Darkness,thedarkness
1155,Pete Yorn,peteyorn
1156,Younghusband,younghusband1
1157,Avicii,Avicii
1158,Circa Waves,CircaWaves
1159,Benjamin Francis Leftwich,BenLeftwich
1160,Freya Ridings,FreyaRidings
1161,Drenge,drenge
1162,Anemone,none
1163,Kaiser Chiefs,KaiserChiefs
1164,Silversun Pickups,SSPU
1165,Hobo Johnson,hobojohnson
1166,Rudimental,Rudimental
1167,MARINA,MarinaDiamandis
1168,L7,none
1169,The Dandy Warhols,TheDandyWarhols
1170,Trippie Redd,trippieredd
1171,Big K.R.I.T.,BIGKRIT
1172,Gang of Four,gangof4official
1173,LSD,TheLSD
1174,Ed Sheeran,edsheeran
1175,Honeyblood,none
1176,Miles Davis,milesdavis
1177,HOMESHAKE,HOOMESHAAKE
1178,Have a Nice Life,none
1179,DJ Khaled,djkhaled
1180,Ian Brown,ianbrown
1181,Turnover,turnoverva
1182,Lewis Capaldi,LewisCapaldi
1183,Blink-182,blink182
1184,Brooke Candy,brookecandy
1185,Hollywood Vampires,hollywoodvamps
1186,Backstreet Boys,backstreetboys
1187,Catfish & The Bottlemen,thebottlemen
1188,Kanye West,kanyewest
1189,Weezer,Weezer
1190,Florida Georgia Line,FLAGALine
1191,Jaden,jaden
1192,Khalid,thegreatkhalid
1193,Avril Lavigne,AvrilLavigne
1194,Nav,beatsbynav
1195,Gesaffelstein,none
1196,Sting,Sting
1197,Steel Panther,Steel_Panther
1198,Lil Pump,lilpump
1199,Liam Payne,LiamPayne
1200,Black Peaks,blackpeaks
1201,Macy Gray,MacyGraysLife
1202,Robyn,robynkonichiwa
1203,Sigh,SighSam
1204,Daughters,MyDaughtersArmy
1205,John Coltrane,JohnColtrane
1206,Christine and the Queens,QueensChristine
1207,Mitski,tatianatenreyro
1208,Noname,NonameBooks
1209,U.S. Girls,YouSGirls
1210,Janelle Monáe,JanelleMonae
1211,Low,lowtheband
1212,Ashley McBryde,AshleyMcBryde
1213,Sleep,DoctorSleepFilm
1214,Pusha T,PUSHA_T
1215,Various Artists,none
1216,Black Foxxes,blackfoxxes
1217,Blood Orange,Blood_Orange
1218,Kali Uchis,KALIUCHIS
1219,Parquet Courts,desertdaze
1220,Saba,sabasoftware
1221,Objekt,none
1222,ROSALÍA,rosalia
1223,Between the Buried and Me,btbamofficial
1224,Hookworms,HOOKWORMS
1225,Gazelle Twin,gazelletwin
1226,Alela Diane,aleladianemusic
1227,Marianne Faithfull,Faithfull_M
1228,Confidence Man,confidencemanJP
1229,Kids See Ghosts,none
1230,Young Fathers,Youngfathers
1231,Hot Snakes,none
1232,Architects,Architectsuk
1233,The Wonder Years,thewonderyears
1234,Buddy,Buddy
1235,Rolo Tomassi,rolotomassiband
1236,Deafheaven,deafheavenband
1237,serpentwithfeet,serpentwithfeet
1238,Earl Sweatshirt,earlxsweat
1239,shame,shamebanduk
1240,Sarah Shook & The Disarmers,none
1241,Troye Sivan,troyesivan
1242,YOB,RATBOY
1243,Virginia Wing,IntuitBrad
1244,Kamasi Washington,KamasiW
1245,Travis Scott,trvisXX
1246,SOPHIE,SOPHIEMSMSMSM
1247,Fucked Up,FUCKEDUP
1248,Amanda Shires,amandashires
1249,Years & Years,yearsandyears
1250,David Crosby,thedavidcrosby
1251,Bryan Ferry,bryanferry
1252,Fatherson,fathersonband
1253,Darlingside,darlingside
1254,Pig Destroyer,PigDestroyer
1255,Our Girl,none
1256,Flasher,ffflasher
1257,Denzel Curry,denzelcurry
1258,Basement,basementuk
1259,Skeletonwitch,Skeletonwitch
1260,Richard Swift,swiftswift
1261,Jon Hopkins,Jon_Hopkins_
1262,Behemoth,BehemothBand
1263,Thou,none
1264,Brandi Carlile,brandicarlile
1265,Szun Waves,SzunWaves
1266,Gaye Su Akyol,none
1267,Neko Case,NekoCase
1268,Let's Eat Grandma,thelegofgrandma
1269,Tribulation,none
1270,Wild Pink,WildPinkNYC
1271,Prince,prince
1272,Stick In The Wheel,StickInTheWheel
1273,Petal,petal
1274,Lithics,lithicsband
1275,Screaming Females,Screamales
1276,Aidan Moffat & RM Hubbert,none
1277,Laurie Anderson & Kronos Quartet,OnlyAnExpert
1278,Go-Kart Mozart,none
1279,Zeal and Ardor,zealandardor
1280,Stephen Malkmus and the Jicks,stephen_malkmus
1281,Courtney Barnett,courtneymelba
1282,MINT FIELD,mintfieldband
1283,Lori McKenna,LoriMcKennaMA
1284,Jean Grae & Quelle Chris,none
1285,Alva Noto + Ryuichi Sakamoto,ryuichisakamoto
1286,Portal,none
1287,Iceage,IceAge
1288,Laurel Halo,LaurelHalo
1289,Beach House,BeaccchHoussse
1290,Amen Dunes,amendunes
1291,Lubomyr Melnyk,Lubomyr_Melnyk
1292,The Struts,TheStruts
1293,Gwenno,gwennosaunders
1294,Tomberlin,tomberlin
1295,KEN mode,none
1296,Obscura,RealmofObscura
1297,Yamantaka // Sonic Titan,none
1298,Jenny Wilson,JennyWilsonUT
1299,Nakhane,none
1300,Nils Frahm,nilsfrahm
1301,Adrianne Lenker,AdrianneLenker
1302,The Internet,intanetz
1303,Father John Misty,fatherjohnmisty
1304,Anna Calvi,annacalvi
1305,Proc Fiskal,nProcFiskalone
1306,Snail Mail,none
1307,Lucrecia Dalt,LucreciaDalt
1308,The Breeders,thebreeders
1309,Tirzah,none
"1310,""Curren$y, Freddie Gibbs & The Alchemist"",FreddieGibbs"
1311,T.I.,Tip
1312,Elysia Crampton,none
1313,Natalie Prass,NataliePrass
1314,Junglepussy,JUNGLEPUSSY
1315,Jeff Tweedy,JeffTweedy
1316,Viagra Boys,ViagraBoys
1317,Papercuts,papercuts_music
1318,Emma Ruth Rundle,EmmaRuthRundle
1319,Meshell Ndegeocello,OfficialMeshell
1320,Sons of Kemet,SonsOfKemet
1321,Spiritualized,none
1322,Julia Holter,JULIA_HOLTER
1323,The Spook School,spookschool
1324,Tierra Whack,TierraWhack
1325,Shakey Graves,ShakeyGraves
1326,Oneohtrix Point Never,0PN
1327,Kadhja Bonet,Kadhja
1328,Bill Ryder-Jones,BRyderJones
1329,The Goon Sax,thegoonsax
1330,Public Access T.V.,none
1331,Marlon Williams,MarlonWMusic
1332,LUMP,nathanlump
1333,Ghost,Ghost
1334,Gas,PetroleumMin
1335,At The Gates,Gates_Cambridge
1336,Bernice,Bernice_SBTow
1337,Essaie Pas,none
1338,Camp Cope,none
1339,Laura Veirs,lauraveirs
1340,High on Fire,HighonFireBand
1341,Cécile McLorin Salvant,cecilesalvant
1342,Vein,CodeVeinGame
1343,Hop Along,HopAlongtheband
1344,Grouper,none
1345,Judas Priest,judaspriest
1346,Kristin Hersh,kristinhersh
1347,Ought,none
1348,Dead Can Dance,DCDmusic
1349,Foxing,Foxing
1350,21 Savage,21savage
1351,Anderson East,Andersoneast
1352,Wye Oak,wyeoak
1353,Farao,faraomusic
1354,Eli Keszler,none
1355,Culture Abuse,cultureabuse
1356,Pinkshinyultrablast,pinkshinyband
1357,Cancer Bats,cancerbats
1358,Brazilian Girls,braziliangirls
1359,Boy Azooga,boy_azooga
1360,Charles Bradley,Charles_Bradley
1361,Dedekind Cut,none
1362,Tracyanne & Danny,Juniortcampbell
1363,Black Milk,black_milk
1364,Muncie Girls,munciegirls
1365,J.I.D,JIDsv
1366,Lotic,_LOTIC
1367,Death Grips,none
1368,Coheed and Cambria,Coheed
1369,Parkway Drive,parkwayofficial
1370,Goat Girl,none
1371,Lala Lala,lala
1372,The Limiñanas,none
1373,Twenty One Pilots,twentyonepilots
1374,Kelly Moran,kellymoran
1375,Miya Folick,MiyaFolick
1376,Oliver Coates,none
1377,Vessel,Vessel
1378,Rae Morris,raemorrismusic
1379,Pendant,none
1380,Colter Wall,ColterWall
1381,Neneh Cherry,misscherrylala
1382,Elvis Costello & The Imposters,ElvisCostello
1383,Clutch,clutchofficial
1384,Eric Bachmann,Eric_Bachmann
1385,Helena Hauff,none
1386,Alkaline Trio,Alkaline_Trio
1387,Chris Carter,Carter_Tutti
1388,AWOLNATION,awolnation
1389,Joan Baez,joancbaez
1390,Sumac,SUMACband
1391,The Essex Green,HPFT_NHS
1392,Uniform & The Body,none
1393,Sloan,Sloanmusic
1394,The Xcerts,thexcerts
1395,Cat Power,CATPOWER
1396,Mick Jenkins,mickjenkins
1397,Georgia Anne Muldrow,JAHJAHMULDROW
1398,The Field,thefield_in
1399,Peace,PEACE4EVEREVER
1400,Daphne & Celeste,Daphne_Celeste
1401,Tunng,thisistunng
1402,Melody's Echo Chamber,melodyprochet
1403,Mudhoney,mudhoney
1404,Tracey Thorn,tracey_thorn
1405,La Luz,luzmadoria
1406,Chastity,CPrattMedia
1407,Soulwax,soulwax
1408,Ben Howard,mondoben
1409,Lindi Ortega,lindiortega
1410,Jim James,jimjames
1411,Daniel Knox,danielknoxmusic
1412,GoGo Penguin,GoGo_Penguin
1413,Suede,suedeHQ
1414,Lissie,lissiemusic
1415,Cher,cher
1416,Guerilla Toss,guerillatoss
1417,cupcakKe,CupcakKe_rapper
1418,Vince Staples,vincestaples
1419,RP Boo,RP_BOO_
1420,Nipsey Hussle,NipseyHussle
1421,Sunflower Bean,Sunflower_Bean
1422,Dirty Projectors,DirtyProjectors
1423,The Carters,none
1424,Ray BLK,RayBLK_
1425,Indi,INCIndia
1426,Hater,none
1427,Spring King,springkingband
1428,Charles Watson,chuckreports
1429,Van Morrison & Joey DeFrancesco,vanmorrison
1430,Thievery Corporation,ThieveryCorpDC
1431,MIEN,CQUni
1432,John Grant,johngrantmusic
1433,Mark Lanegan & Duke Garwood,marklanegan
1434,Mountain Man,mountainman
1435,Anna St. Louis,anna_st_louis
1436,Leon Vynehall,none
1437,Ex:Re,none
1438,Moonface,__mayen__
1439,Trembling Bells,Trem_Bells
1440,Audiobooks,none
1441,Cut Worms,cut_worms
"1442,""The Good, the Bad & the Queen"",goodbadqueen"
1443,MGMT,whoisMGMT
1444,Phosphorescent,Phosphorescent
1445,Swearin',none
1446,Florence + The Machine,florencemachine
1447,Superchunk,superchunk
1448,Jeremih & Ty Dolla $ign,tydollasign
1449,Pariah,none
1450,The Soft Moon,none
1451,Xylouris White,xylouriswhite
1452,Parcels,parcelsmusic
1453,Mary Lattimore,none
1454,Old Crow Medicine Show,crowmedicine
1455,The Low Anthem,thelowanthem
1456,The Body,TheBodyShopUK
1457,Beak>,none
1458,Ariana Grande,ArianaGrande
1459,Seun Kuti & Egypt 80,none
1460,Say Sue Me,noSaySueMene
1461,Cloud Nothings,cloudnothings
1462,Villagers,wearevillagers
1463,Jennifer Castle,JNFRCASTLE
1464,Louis Cole,funforlouis
1465,Onyx Collective,none
1466,Keiji Haino & Sumac,none
1467,Mammoth Grinder,MammothGrinder
1468,Bodega,bodega
1469,Estrons,estrons
1470,Kamaal Williams,kamaalwilliams
1471,Poppy Ackroyd,nonpoppyackroyde
1472,J Mascis,jmascis
1473,Jacco Gardner,JaccoGardner
1474,Ólafur Arnalds,OlafurArnalds
1475,Rejjie Snow,rejjiesnow
1476,Josephine Foster,none
1477,Her's,ThatBandOfHers
1478,Ryley Walker,ryleywalker
1479,Shannon Shaw,none
1480,Kyle,Ky1eLong
1481,I'm With Her,imwithherband
1482,Devon Welsh,devonwelsh
1483,Flatbush Zombies,FlatbushZombies
1484,Jake Shears,Jakeshears
1485,The Dodos,TheDodos
1486,Molly Burch,mollyjburch
1487,GØGGS,none
1488,Forth Wanderers,forth_wanderers
1489,Kimbra,kimbramusic
1490,Laibach,Laibach
1491,Gaz Coombes,GazCoombes
1492,Eleanor Friedberger,EleanorOnly
1493,Selling,none
1494,ADULT.,none
1495,Steve Reich,SteveReich
1496,Kurt Vile,therealkurtvile
1497,IAN SWEET,IANSWEETWEET
1498,Dabrye,dabrye
1499,DJ Taye,DJTAYE
1500,Speedy Ortiz,sad13
1501,John Prine,JohnPrineMusic
1502,We Were Promised Jetpacks,wwpj
1503,Gaika,none
1504,Jorja Smith,JorjaSmith
1505,Luluc,luluc
1506,St. Paul & The Broken Bones,StP_BrokenBones
1507,Slaves,Slaves
1508,Eartheater,none
1509,Mutual Benefit,mutual_benefit
1510,Marmozets,MARMOZETS
1511,Frog Eyes,none
1512,Cabbage,ahcabbage
1513,Cavern of Anti-Matter,cavernofAM
1514,Big Ups,PullUpsBigKid
1515,The Damned,thedamned
1516,Hailu Mergia,none
1517,Salad Boys,none
1518,Dorian Concept,dorianconcept
1519,Meek Mill,MeekMill
1520,Loma,VasylLomachenko
1521,Son Lux,sonlux
1522,tUnE-yArDs,tuneyards
1523,Metro Boomin,MetroBoomin
1524,Marissa Nadler,marissanadler
1525,SiR,inglewoodSiR
1526,Eric Church,ericchurch
1527,CZARFACE & MF DOOM,MFDOOM
1528,Kero Kero Bonito,KeroKeroBonito
1529,Black Honey,BLACKHONEYUK
1530,Slug,none
1531,Insecure Men,none
1532,Simian Mobile Disco,smdisco
1533,Gabe Gurnsey,GabeGurnsey
1534,Unknown Mortal Orchestra,ronfonger
1535,Mourn,none
1536,Lord Huron,LordHuron
1537,Menace Beach,MENACE_BEACH
1538,Albert Hammond Jr.,alberthammondjr
1539,Parker Millsap,parkermillsap
1540,Laura Gibson,lauragibsongirl
1541,The Chills,none
1542,Rae Sremmurd,RaeSremmurd
1543,MØ,MOMOMOYOUTH
1544,Django Django,thedjangos
1545,POLIÇA / s t a r g a z e,none
1546,Israel Nash,israelnash
1547,Hayley Kiyoko,HayleyKiyoko
1548,Nothing,MYAPLANET9
1549,Planningtorock,planningtorock
1550,The Ophelias,theophelias
1551,First Aid Kit,FirstAidKitBand
1552,Cypress Hill,cypresshill
1553,Nathaniel Rateliff & The Night Sweats,NRateliff
1554,August Greene,Augustgreenebnd
1555,Superorganism,SPRORGNSM
1556,Ross from Friends,horsedivorce
1557,Maribou State,mariboustate
1558,PRhyme,none
1559,James,wearejames
1560,The Vaccines,thevaccines
1561,Alice in Chains,AliceInChains
1562,Arp,none
1563,Efrim Manuel Menuck,none
1564,Exploded View,ExplodedViewBnd
1565,My Brightest Diamond,MyBrightestDmnd
1566,Frigs,none
1567,Lil Peep,Lilpeep
1568,Lupe Fiasco,LupeFiasco
1569,Shannon & The Clams,shanandtheclams
1570,Teleman,teleman
1571,Holly Miranda,hollymiranda
1572,Paul McCartney,PaulMcCartney
1573,Joseph Shabason,westernvinyl
1574,The Go! Team,the_go_team
1575,Ella Mai,ellamai
1576,The Voidz,TheVoidz
1577,Joyce Manor,JoyceManor
1578,Shawn Mendes,ShawnMendes
1579,Rhye,rhye
1580,Plan B,4PlanB
1581,Novelist,Novelist
1582,Park Jiha,jihasound
1583,Tonight Alive,TonightAlive
1584,Bishop Nehru,BishopNehru
1585,Tom Misch,TomMisch
1586,Panopticon,none
1587,Meg Baird & Mary Lattimore,none
1588,felicita,felicita_______
1589,Arctic Monkeys,ArcticMonkeys
1590,Geotic,BATHSmusic
1591,John Tejada,iamjohntejada
1592,Manic Street Preachers,Manics
1593,Interpol,Interpol
1594,Creep Show,CreepShowMusic
1595,Hollie Cook,holliecookie
1596,Amber Arcades,AmberArcades
1597,Trevor Powers,trevorpowersss
1598,Richard Reed Parry,ParryReed
1599,Body/Head,WeAreBodyHead
1600,Cursive,CursiveTheBand
1601,Middle Kids,MiddleKidsMusic
1602,The Dirty Nil,thedirtynil
1603,Eels,THE_EELS
1604,Legend Of The Seagullmen,none
1605,Shooter Jennings,ShooterJennings
1606,Big Red Machine,KaneWWE
1607,Black Moth Super Rainbow,HouseOfBMSR
1608,Papa M,none
1609,Gucci Mane,gucci1017
1610,Phantastic Ferniture,phanfern
1611,Jay Rock,jayrock
1612,John Maus,JOHNMAUS
1613,Jordan Rakei,none
1614,Preoccupations,pre_occupations
1615,Lily Allen,lilyallen
1616,Leon Bridges,leonbridges
1617,Underøath,UnderoathBand
1618,How to Dress Well,HowToDressWell
1619,Jenn Champion,JennSuhr
1620,Gorillaz,gorillaz
1621,Mike Shinoda,mikeshinoda
1622,Bonny Doon,none
1623,Metric,Metric
1624,Matthew Dear,matthewdear
1625,Mothers,mothersband
1626,Dr. Octagon,dantheautomator
1627,George FitzGerald,georgefitzmusic
1628,Thought Gang,none
1629,CHVRCHES,CHVRCHES
1630,Gang Gang Dance,GangGangDance
1631,David Byrne,DBtodomundo
1632,Paul Simon,PaulSimonMusic
1633,Alessia Cara,alessiacara
1634,Lo Moon,lomoon
1635,Andrew W.K.,AndrewWK
1636,J. Cole,JColeNC
1637,The Milk Carton Kids,MilkCartonKids
1638,Johnny Jewel,none
1639,The Sea and Cake,none
1640,Makeness,makeness
1641,The Coral,thecoralband
1642,Calexico,casadecalexico
1643,Brandon Coleman,BrandonColeKeys
1644,SHIRT,none
1645,Laura Jane Grace & The Devouring Mothers,LauraJaneGrace
1646,Venetian Snares & Daniel Lanois,daniellanois
1647,Alexis Taylor,MissTaylorMusic
1648,Wooden Shjips,woodenshjips
1649,Suuns,suunsband
1650,Daniel Romano,TheDanielRomano
1651,Franz Ferdinand,Franz_Ferdinand
1652,Jack White,thirdmanrecords
1653,Drinks,innocent
1654,Art Brut,Art_Brut_
1655,Punch Brothers,punchbrothers
1656,Mr. Fingers,none
1657,Rico Nasty,Rico_nastyy
1658,Caroline Says,AMLwhere
1659,Chromeo,Chromeo
1660,Kikagaku Moyo,none
1661,MC Paul Barman,none
1662,Pianos Become The Teeth,pianosband
1663,Bjørn Torske,none
1664,Palm,palm
1665,King Tuff,KINGTUFFY
1666,Mouse on Mars,MoM_official
1667,Halestorm,Halestorm
1668,Will Oldham,signifyingwolf
1669,Lykke Li,LykkeLi
1670,Twin Shadow,Twinshadow
1671,The Decemberists,TheDecemberists
1672,NADINE,nadine
1673,HONNE,hellohonne
1674,Dizzy,dizzy
1675,Gulp,none
1676,Jungle,jungle4eva
1677,Popcaan,PopcaanMusic
1678,Dawes,dawestheband
1679,88rising,88rising
1680,Sheck Wes,sheckwes
1681,Joan of Arc,joanfrc
1682,Starcrawler,thestarcrawler
1683,Rita Ora,RitaOra
1684,MNEK,MNEK
1685,Death Cab For Cutie,dcfc
1686,The Love Language,TheLoveLanguage
1687,Carrie Underwood,carrieunderwood
1688,Nicki Minaj,NICKIMINAJ
1689,Takeoff,1YoungTakeoff
1690,The Wombats,thewombats
1691,White Ring,none
1692,77:78,none
1693,Simple Minds,simplemindscom
1694,Pram,none
1695,A$AP Rocky,none
1696,You Me At Six,youmeatsix
1697,Turnstile,TURNSTILEHC
1698,Little Mix,LittleMix
1699,DZ Deathrays,DZDEATHRAYS
1700,Cullen Omori,none
1701,Hippo Campus,none
1702,S. Carey,scareymusic
1703,Dr. Dog,DrDogMusic
1704,Rich Brian,richbrian
1705,Rosali,none
1706,Migos,Migos
1707,Pale Waves,palewaves
1708,Mark Pritchard,markprtchrd
1709,Nightmares On Wax,nightmaresonwax
1710,A Perfect Circle,aperfectcircle
1711,Okkervil River,okkervilriver
1712,TesseracT,tesseractband
1713,Belly,reBELLYus
1714,Fischerspooner,fischerspooner
1715,Deaf Wish,none
1716,BØRNS,bornsmusic
1717,Tanukichan,none
1718,Ash,ashofficial
1719,Christina Aguilera,xtina
1720,Editors,editorsofficial
1721,Wild Nothing,WildNothing
1722,Charlie Puth,charlieputh
1723,Kylie Minogue,kylieminogue
1724,Zayn,zaynmalik
1725,They Might Be Giants,tmbg
1726,Mark Kozelek,none
1727,Calvin Johnson,SlctrDubNarcot
1728,Shy Boys,none
1729,The Sword,TheSword
1730,Ty Segall & White Fence,none
1731,We Are Scientists,wearescientists
1732,The Fratellis,TheFratellis
1733,Tinashe,Tinashe
1734,Josh T. Pearson,joshtpearson
1735,Echo & the Bunnymen,Bunnymen
1736,Lake Street Dive,lakestreetdive
1737,Still Corners,StillCorners
1738,Drake,Drake
1739,Daron Malakian and Scars On Broadway,scarsonbroadway
1740,Dave Matthews Band,davematthewsbnd
1741,Nile Rodgers & Chic,nilerodgers
1742,Orbital,orbitalband
1743,Mass Gothic,none
1744,Yoko Ono,yokoono
1745,Jonathan Davis,JDavisOfficial
1746,Tee Grizzley,TeeGrizzley
1747,The Smashing Pumpkins,SmashingPumpkin
1748,The Prodigy,the_prodigy
1749,Black Rebel Motorcycle Club,BRMCofficial
1750,George Ezra,george_ezra
1751,James Bay,JamesBayMusic
1752,Kate Nash,katenash
1753,Melvins,melvinsdotcom
1754,Paul De Jong,RealPaulDeJong
1755,Jaakko Eino Kalevi,JaakkoEino
1756,Mark Knopfler,MarkKnopfler
1757,Black Veil Brides,blackveilbrides
1758,A Place To Bury Strangers,APTBS
1759,Snow Patrol,snowpatrol
1760,Roosevelt,iamroosevelt__
1761,Quiet Slang,none
1762,Ministry,WeAreMinistry
1763,Bob Moses,Bobmosesmusic
1764,The Blaze,TheBlaze_Prod
1765,Connan Mockasin,ConnanMockasin
1766,Death Valley Girls,Deathvalleygrls
1767,Bebe Rexha,BebeRexha
1768,Miles Kane,MilesKaneMusic
1769,Dashboard Confessional,dashboardmusic
1770,Animal Collective,anmlcollective
1771,Anne-Marie,AnneMarie
1772,Fall Out Boy,falloutboy
1773,Lenny Kravitz,LennyKravitz
1774,Mumford & Sons,MumfordAndSons
1775,Good Charlotte,GoodCharlotte
1776,Wiz Khalifa,wizkhalifa
1777,Tom Morello,tmorello
1778,RL Grime,RLGRIME
1779,Quavo,QuavoStuntin
1780,Muse,muse
1781,Future & Juice WRLD,none
1782,The Shins,TheShins
1783,Clean Bandit,cleanbandit
1784,Wet,wet
1785,The Kooks,thekooksmusic
1786,Deaf Havana,deafhavana
1787,Disturbed,Disturbed
1788,Sun Kil Moon,none
1789,Richard Ashcroft,richardashcroft
1790,Craig David,CraigDavid
1791,Bullet For My Valentine,bfmvofficial
1792,Greta Van Fleet,GretaVanFleet
1793,Lil Yachty,lilyachty
1794,Snoop Dogg,SnoopDogg
1795,Imagine Dragons,Imaginedragons
1796,XXXTENTACION,xxxtentacion
1797,Lil Xan,lilxanfuhyobih
1798,Justin Timberlake,jtimberlake
1799,Sting & Shaggy,OfficialSting
1800,Derek Smalls,SmallsLife
1801,Tory Lanez,torylanez
1802,Tenacious D,tenaciousd
1803,6ix9ine,6ix9ine
1804,Maria Schneider Orchestra,none
1805,False Heads,FalseHeads
1806,Don Bryant,none
1807,Tim Burgess,Tim_Burgess
1808,Belako,belakoband
1809,Humanist,americnhumanist
1810,Sir Richard Bishop,none
1811,Haiku Hands,haiku_hands
1812,Cable Ties,none
1813,I Like Trains,iLiKETRAiNS
1814,Darkstar,Darkstar
1815,Allison Moorer,AllisonMoorer
1816,Common Holly,common_holly
1817,Dylan Leblanc,dleblancmusic
1818,Julien Chang,JulienChangBAL
1819,Stats,none
1820,Itasca,none
1821,Big Business,BigBusiness_25
1822,Vetiver,vetiverse
1823,Cochemea,none
1824,The Juan MacLean,nancywhang
1825,William Patrick Corgan,Billy
1826,Perry Farrell,perryfarrell
1827,Mary Gauthier,marygauthier_
1828,Miles Davis & John Coltrane,none
1829,Haiku Salut,HaikuSalut
1830,Baxter Dury & Étienne De Crécy & Delilah Holliday,none
1831,Dylan Carlson,drcarlsonalbion
1832,Windhand,windhandva
1833,TERRY,nprfreshair
1834,Steve Hauschildt,stevehauschildt
1835,Immortal,ImmortalTech
1836,Cowboy Junkies,noCowboyJunkieCowboyJunkiessne
1837,Buffalo Tom,buffalotomband
1838,Erland Cooper,ErlandCooper
1839,Jon Spencer,jspencermnj
1840,Lionlimb,none
1841,Jo Passed,jopassed
1842,Ava Luna,avalunagroup
1843,Tancred,jessabbott
1844,Slash,Slash
